{
  "formData": [
    {
      "questions": [
        {
          "question": "asdasd",
          "type": "text",
          "options": [],
          "required": false
        },
        {
          "question": "asdasd",
          "type": "number",
          "options": [
            {
              "text": ""
            }
          ],
          "required": false
        }
      ],
      "uniqueId": "b6dd163b-9883-4fec-b598-5747b34f1ced",
      "id": 1
    },
    {
      "questions": [
        {
          "question": "123",
          "type": "text",
          "options": [],
          "required": false
        },
        {
          "question": "123213",
          "type": "checkbox",
          "options": [
            {
              "text": "123123"
            },
            {
              "text": "123321"
            }
          ],
          "required": false
        },
        {
          "question": "123213",
          "type": "radio",
          "options": [
            {
              "text": "wqeqwe"
            },
            {
              "text": "qweqwe"
            }
          ],
          "required": false
        }
      ],
      "uniqueId": "67eef516-2eb9-44a0-83af-6c3c06e3e2df",
      "id": 2
    }
  ],
  "Formresponse": [
    {
      "question_0_0": "123",
      "question_0_1": "123",
      "id": 1
    },
    {
      "question_1_2": {
        "text": "qweqwe"
      },
      "question_1_0": [
        {
          "text": "123321"
        },
        {
          "text": "123123"
        }
      ],
      "id": 2
    }
  ]
}