{
  "formData": [
    {
      "questions": [
        {
          "question": "Your Name !",
          "type": "text",
          "options": [],
          "required": false
        },
        {
          "question": "Your Mo.Number !",
          "type": "number",
          "options": [
            {
              "text": ""
            }
          ],
          "required": false
        },
        {
          "question": "Your Address !",
          "type": "textarea",
          "options": [
            {
              "text": ""
            }
          ],
          "required": false
        },
        {
          "question": "Your E-mail !",
          "type": "email",
          "options": [
            {
              "text": ""
            }
          ],
          "required": false
        },
        {
          "question": "Your Gender !",
          "type": "radio",
          "options": [
            {
              "text": "Male"
            },
            {
              "text": "Female"
            }
          ],
          "required": false
        },
        {
          "question": "Your Hobbies !",
          "type": "checkbox",
          "options": [
            {
              "text": "Photography"
            },
            {
              "text": "Gardening"
            },
            {
              "text": "Cooking"
            },
            {
              "text": " Reading"
            },
            {
              "text": "Writing"
            }
          ],
          "required": false
        }
      ],
      "uniqueId": "dd679481-86b6-42ea-aced-efa8e01d09c1",
      "id": 1
    }
  ],
  "Formresponse": [
    {
      "Your Name !": "Abhishek",
      "Your Mo.Number !": "7069482737",
      "Your Address !": "Drive-in Road , Gurukul-Memnagar , Ahemdabad",
      "Your E-mail !": "Abhi09@.in",
      "Your Gender !": {
        "text": "Male"
      },
      "Your Hobbies !": [
        {
          "text": "Photography"
        },
        {
          "text": "Cooking"
        },
        {
          "text": "Gardening"
        }
      ],
      "id": 1
    }
  ]
}